chromosome	sample	h1_cluster	h2_cluster
chr3	HG00126	Major	Outlier_5
chr3	HG00128	Major	Outlier_2
chr3	HG00133	Outlier_5	Outlier_2
chr3	HG00272	Major	Outlier_7
chr3	HG00323	Outlier_7	Major
chr3	HG00423	Major	Outlier_2
chr3	HG00558	Outlier_2	Outlier_1
chr3	HG00597	Major	Major
chr3	HG00706	Outlier_2	Major
chr3	HG01167	Major	Outlier_1
chr3	HG01175	Outlier_1	Outlier_2
chr3	HG01255	Outlier_2	Outlier_5
chr3	HG01433	Outlier_7	Outlier_5
chr3	HG01530	Outlier_5	Major
chr3	HG01784	Major	Outlier_5
chr3	HG01884	Major	Outlier_4
chr3	HG01928	Outlier_5	Outlier_1
chr3	HG01934	Outlier_7	Outlier_2
chr3	HG01940	Outlier_5	Major
chr3	HG01975	Outlier_5	Outlier_2
chr3	HG01978	Outlier_5	Outlier_7
chr3	HG01981	Outlier_5	Major
chr3	HG01993	Outlier_5	Outlier_2
chr3	HG02165	Major	Major
chr3	HG02293	Outlier_2	Outlier_7
chr3	HG02602	Major	Major
chr3	HG03139	Outlier_1	Major
chr3	HG03195	Outlier_2	Outlier_2
chr3	HG03669	Outlier_5	Major
chr3	HG03784	Outlier_5	Outlier_5
chr3	HG03816	Outlier_5	Outlier_8
chr3	HG03831	Major	Outlier_1
chr3	HG03874	Outlier_7	Outlier_7
chr3	HG06807	Outlier_7	Outlier_2
chr3	NA18508	Major	Outlier_1
chr3	NA18879	Outlier_5	Outlier_7
chr3	NA18960	Outlier_7	Outlier_5
chr3	NA18974	Major	Outlier_7
chr3	NA19036	Outlier_2	Outlier_7
chr3	NA19043	Outlier_9	Major
chr3	NA19087	Major	Outlier_5
chr3	NA19159	Major	Major
chr3	NA19338	Outlier_5	Outlier_7
chr3	NA19443	Outlier_1	Outlier_1
chr3	NA19682	Outlier_2	Outlier_5
chr3	NA19776	Outlier_5	Outlier_7
chr3	NA20806	Outlier_7	Outlier_2
chr3	NA20870	Major	Outlier_1
chr3	NA20905	Major	Outlier_2
chr3	NA21110	Major	Outlier_7
chr3	NA21144	Outlier_6	Outlier_5
chr8	HG00097	Major	Major
chr8	HG00099	Major	Outlier_1
chr8	HG00133	Major	Outlier_2
chr8	HG00140	Outlier_2	Major
chr8	HG00232	Major	Outlier_4
chr8	HG00235	Outlier_1	Major
chr8	HG00253	Outlier_1	Major
chr8	HG00272	Major	Outlier_2
chr8	HG00280	Outlier_2	Outlier_1
chr8	HG00321	Outlier_1	Outlier_2
chr8	HG00323	Outlier_1	Outlier_2
chr8	HG00329	Outlier_1	Outlier_1
chr8	HG00350	Outlier_1	Outlier_2
chr8	HG00408	Major	Outlier_2
chr8	HG00423	Outlier_1	Major
chr8	HG00438	Outlier_1	Major
chr8	HG005	Outlier_2	Outlier_1
chr8	HG00558	Outlier_1	Outlier_1
chr8	HG00597	Major	Outlier_1
chr8	HG00621	Outlier_1	Outlier_2
chr8	HG00639	Outlier_2	Outlier_1
chr8	HG00658	Major	Outlier_1
chr8	HG00673	Major	Major
chr8	HG00706	Outlier_2	Outlier_2
chr8	HG00733	Outlier_1	Outlier_2
chr8	HG00735	Outlier_2	Major
chr8	HG00741	Outlier_1	Major
chr8	HG01071	Outlier_1	Outlier_1
chr8	HG01106	Major	Outlier_2
chr8	HG01109	Major	Major
chr8	HG01123	Major	Outlier_1
chr8	HG01192	Outlier_1	Outlier_1
chr8	HG01243	Outlier_2	Major
chr8	HG01252	Major	Outlier_1
chr8	HG01258	Major	Outlier_1
chr8	HG01346	Outlier_1	Major
chr8	HG01358	Outlier_2	Outlier_2
chr8	HG01361	Outlier_1	Major
chr8	HG01496	Outlier_1	Outlier_1
chr8	HG01530	Outlier_2	Major
chr8	HG01884	Major	Outlier_1
chr8	HG01891	Major	Major
chr8	HG01940	Outlier_2	Major
chr8	HG01952	Outlier_1	Outlier_1
chr8	HG01969	Outlier_2	Major
chr8	HG01975	Major	Major
chr8	HG01981	Outlier_2	Outlier_1
chr8	HG02004	Outlier_1	Outlier_2
chr8	HG02074	Major	Outlier_1
chr8	HG02080	Major	Major
chr8	HG02083	Outlier_2	Outlier_1
chr8	HG02109	Major	Outlier_2
chr8	HG02132	Outlier_1	Outlier_1
chr8	HG02135	Major	Outlier_2
chr8	HG02145	Major	Major
chr8	HG02155	Outlier_2	Outlier_2
chr8	HG02257	Outlier_3	Major
chr8	HG02273	Major	Major
chr8	HG02300	Major	Outlier_1
chr8	HG02514	Outlier_1	Outlier_2
chr8	HG02559	Major	Outlier_2
chr8	HG02602	Outlier_2	Major
chr8	HG02615	Major	Major
chr8	HG02622	Outlier_1	Outlier_1
chr8	HG02630	Outlier_1	Major
chr8	HG02647	Outlier_1	Outlier_1
chr8	HG02698	Outlier_2	Outlier_2
chr8	HG02717	Outlier_2	Outlier_2
chr8	HG02723	Outlier_2	Outlier_1
chr8	HG02735	Outlier_2	Major
chr8	HG02738	Major	Outlier_3
chr8	HG02886	Major	Outlier_1
chr8	HG02965	Outlier_1	Major
chr8	HG02976	Major	Major
chr8	HG03041	Major	Outlier_2
chr8	HG03050	Outlier_2	Outlier_1
chr8	HG03098	Outlier_1	Outlier_1
chr8	HG03209	Outlier_1	Major
chr8	HG03225	Major	Major
chr8	HG03270	Outlier_1	Major
chr8	HG03369	Major	Major
chr8	HG03453	Outlier_2	Outlier_2
chr8	HG03470	Outlier_2	Outlier_1
chr8	HG03471	Outlier_2	Outlier_3
chr8	HG03486	Outlier_1	Outlier_2
chr8	HG03516	Major	Major
chr8	HG03521	Major	Outlier_2
chr8	HG03579	Major	Major
chr8	HG03654	Outlier_1	Major
chr8	HG03669	Major	Outlier_1
chr8	HG03710	Major	Outlier_2
chr8	HG03742	Major	Outlier_2
chr8	HG03816	Outlier_1	Major
chr8	HG03834	Outlier_1	Major
chr8	HG03874	Outlier_2	Outlier_2
chr8	HG03927	Outlier_1	Major
chr8	HG03942	Major	Outlier_1
chr8	HG04115	Outlier_1	Major
chr8	HG04160	Major	Major
chr8	HG04187	Major	Major
chr8	HG04204	Major	Major
chr8	HG04228	Outlier_2	Outlier_2
chr8	HG06807	Outlier_2	Outlier_1
chr8	NA18508	Major	Major
chr8	NA18570	Outlier_1	Outlier_1
chr8	NA18608	Major	Major
chr8	NA18620	Outlier_1	Outlier_1
chr8	NA18747	Outlier_2	Major
chr8	NA18906	Major	Outlier_2
chr8	NA18940	Outlier_2	Outlier_1
chr8	NA18943	Major	Outlier_1
chr8	NA18944	Major	Outlier_2
chr8	NA18945	Major	Outlier_1
chr8	NA18948	Major	Major
chr8	NA18960	Outlier_1	Outlier_1
chr8	NA18967	Major	Outlier_2
chr8	NA18974	Outlier_1	Major
chr8	NA18983	Major	Outlier_1
chr8	NA19036	Outlier_1	Major
chr8	NA19043	Major	Major
chr8	NA19159	Outlier_2	Major
chr8	NA19240	Outlier_2	Outlier_1
chr8	NA19700	Major	Major
chr8	NA19776	Outlier_1	Outlier_1
chr8	NA19835	Outlier_1	Outlier_1
chr8	NA20503	Major	Major
chr8	NA20752	Major	Major
chr8	NA20799	Outlier_1	Outlier_2
chr8	NA20805	Major	Outlier_2
chr8	NA20806	Outlier_2	Major
chr8	NA20809	Outlier_1	Major
chr8	NA20827	Major	Outlier_2
chr8	NA20850	Outlier_1	Outlier_2
chr8	NA20870	Outlier_1	Outlier_2
chr8	NA20905	Outlier_2	Major
chr8	NA21093	Major	Outlier_1
chr8	NA21144	Major	Outlier_2
chr8	NA21309	Outlier_2	Outlier_1
chr11	HG00099	Outlier_2	Outlier_2
chr11	HG00126	Outlier_2	Major
chr11	HG00128	Major	Major
chr11	HG00133	Major	Major
chr11	HG00146	Major	Major
chr11	HG00232	Outlier_2	Outlier_2
chr11	HG00253	Major	Major
chr11	HG00272	Major	Outlier_2
chr11	HG00280	Major	Major
chr11	HG00290	Outlier_2	Major
chr11	HG00320	Major	Outlier_2
chr11	HG00321	Outlier_2	Major
chr11	HG00323	Major	Major
chr11	HG00329	Major	Outlier_2
chr11	HG00344	Major	Major
chr11	HG00350	Major	Major
chr11	HG00408	Outlier_2	Major
chr11	HG00423	Outlier_2	Major
chr11	HG00438	Major	Outlier_2
chr11	HG00544	Outlier_2	Outlier_2
chr11	HG00558	Outlier_1	Outlier_2
chr11	HG00597	Outlier_2	Outlier_2
chr11	HG00609	Outlier_2	Major
chr11	HG00621	Major	Major
chr11	HG00639	Major	Outlier_2
chr11	HG00642	Outlier_2	Major
chr11	HG00658	Major	Major
chr11	HG00673	Major	Major
chr11	HG00706	Outlier_2	Outlier_2
chr11	HG00733	Outlier_2	Major
chr11	HG00738	Major	Outlier_2
chr11	HG01074	Major	Outlier_2
chr11	HG01081	Major	Outlier_2
chr11	HG01099	Major	Outlier_2
chr11	HG01123	Major	Outlier_2
chr11	HG01150	Major	Major
chr11	HG01175	Outlier_2	Major
chr11	HG01192	Outlier_2	Major
chr11	HG01243	Outlier_2	Outlier_2
chr11	HG01252	Major	Major
chr11	HG01255	Outlier_2	Major
chr11	HG01258	Major	Outlier_2
chr11	HG01261	Outlier_2	Major
chr11	HG01346	Outlier_2	Outlier_2
chr11	HG01358	Major	Major
chr11	HG01433	Major	Outlier_2
chr11	HG01496	Outlier_2	Outlier_2
chr11	HG01530	Major	Major
chr11	HG01784	Major	Major
chr11	HG01786	Major	Major
chr11	HG01884	Major	Outlier_2
chr11	HG01928	Major	Major
chr11	HG01934	Outlier_2	Major
chr11	HG01940	Major	Major
chr11	HG01943	Outlier_2	Major
chr11	HG01960	Major	Major
chr11	HG01969	Major	Major
chr11	HG01975	Outlier_2	Major
chr11	HG01978	Major	Outlier_2
chr11	HG01981	Major	Major
chr11	HG01993	Major	Outlier_2
chr11	HG02040	Outlier_2	Outlier_2
chr11	HG02055	Outlier_2	Major
chr11	HG02056	Outlier_2	Major
chr11	HG02071	Major	Outlier_2
chr11	HG02074	Major	Outlier_2
chr11	HG02080	Major	Major
chr11	HG02129	Major	Major
chr11	HG02132	Outlier_2	Major
chr11	HG02135	Outlier_2	Outlier_2
chr11	HG02155	Major	Outlier_2
chr11	HG02165	Major	Outlier_2
chr11	HG02178	Outlier_2	Major
chr11	HG02257	Major	Major
chr11	HG02258	Outlier_2	Major
chr11	HG02273	Outlier_2	Major
chr11	HG02293	Major	Major
chr11	HG02300	Major	Major
chr11	HG02391	Outlier_2	Major
chr11	HG02392	Outlier_2	Major
chr11	HG02451	Major	Major
chr11	HG02486	Outlier_2	Outlier_2
chr11	HG02523	Major	Outlier_2
chr11	HG02559	Outlier_2	Major
chr11	HG02583	Major	Major
chr11	HG02602	Outlier_2	Major
chr11	HG02615	Outlier_2	Major
chr11	HG02622	Outlier_2	Major
chr11	HG02630	Major	Major
chr11	HG02647	Major	Major
chr11	HG02668	Major	Major
chr11	HG02717	Outlier_2	Major
chr11	HG02723	Outlier_2	Outlier_2
chr11	HG02735	Outlier_2	Major
chr11	HG02738	Outlier_2	Major
chr11	HG02809	Major	Major
chr11	HG02841	Outlier_2	Major
chr11	HG02886	Major	Major
chr11	HG02922	Outlier_2	Major
chr11	HG02965	Outlier_2	Outlier_2
chr11	HG02976	Outlier_2	Major
chr11	HG02984	Major	Major
chr11	HG03017	Major	Major
chr11	HG03041	Major	Outlier_2
chr11	HG03050	Major	Outlier_2
chr11	HG03098	Outlier_3	Outlier_2
chr11	HG03130	Outlier_2	Major
chr11	HG03139	Major	Major
chr11	HG03209	Major	Major
chr11	HG03225	Major	Major
chr11	HG03239	Outlier_2	Major
chr11	HG03270	Outlier_2	Outlier_3
chr11	HG03453	Major	Outlier_2
chr11	HG03470	Major	Major
chr11	HG03471	Outlier_2	Major
chr11	HG03579	Major	Outlier_3
chr11	HG03583	Outlier_2	Outlier_2
chr11	HG03654	Outlier_2	Major
chr11	HG03688	Outlier_2	Outlier_2
chr11	HG03704	Major	Outlier_2
chr11	HG03742	Major	Major
chr11	HG03816	Major	Outlier_2
chr11	HG03834	Outlier_2	Outlier_2
chr11	HG03927	Major	Outlier_2
chr11	HG03942	Outlier_2	Major
chr11	HG04157	Outlier_2	Outlier_2
chr11	HG04160	Outlier_2	Major
chr11	HG04184	Major	Major
chr11	HG04187	Outlier_2	Major
chr11	HG04228	Major	Outlier_2
chr11	HG06807	Outlier_3	Major
chr11	NA18522	Outlier_2	Outlier_2
chr11	NA18565	Major	Major
chr11	NA18608	Outlier_2	Major
chr11	NA18620	Major	Outlier_2
chr11	NA18879	Major	Major
chr11	NA18943	Outlier_2	Outlier_2
chr11	NA18944	Major	Major
chr11	NA18945	Major	Major
chr11	NA18959	Major	Major
chr11	NA18960	Major	Outlier_2
chr11	NA18970	Major	Outlier_2
chr11	NA18971	Outlier_2	Outlier_2
chr11	NA18976	Outlier_2	Major
chr11	NA18983	Outlier_2	Outlier_2
chr11	NA19036	Major	Outlier_2
chr11	NA19043	Outlier_2	Major
chr11	NA19087	Major	Major
chr11	NA19240	Major	Major
chr11	NA19338	Major	Major
chr11	NA19391	Major	Outlier_2
chr11	NA19443	Outlier_2	Major
chr11	NA19468	Major	Major
chr11	NA19700	Outlier_2	Major
chr11	NA19776	Outlier_2	Outlier_2
chr11	NA19909	Outlier_2	Major
chr11	NA20129	Outlier_2	Outlier_2
chr11	NA20346	Major	Outlier_2
chr11	NA20503	Major	Major
chr11	NA20752	Outlier_2	Outlier_2
chr11	NA20762	Outlier_2	Major
chr11	NA20799	Major	Major
chr11	NA20806	Major	Outlier_2
chr11	NA20809	Outlier_2	Outlier_2
chr11	NA20827	Outlier_2	Outlier_2
chr11	NA20850	Major	Major
chr11	NA20870	Outlier_2	Outlier_2
chr11	NA21093	Outlier_2	Outlier_2
chr11	NA21102	Outlier_2	Outlier_2
chr11	NA21106	Outlier_2	Outlier_2
chr11	NA21110	Major	Outlier_2
chr11	NA21144	Outlier_2	Major
chr11	NA21309	Major	Outlier_2
chr12	HG00097	Outlier_5	Outlier_3
chr12	HG00099	Outlier_3	Outlier_5
chr12	HG00126	Outlier_5	Outlier_5
chr12	HG00128	Outlier_5	Outlier_3
chr12	HG00133	Outlier_5	Outlier_3
chr12	HG00140	Major	Outlier_5
chr12	HG00232	Major	Outlier_3
chr12	HG00253	Outlier_5	Outlier_5
chr12	HG00272	Major	Outlier_4
chr12	HG00280	Major	Outlier_5
chr12	HG00320	Outlier_5	Major
chr12	HG00321	Outlier_5	Major
chr12	HG00408	Major	Major
chr12	HG00423	Major	Major
chr12	HG00438	Major	Major
chr12	HG00544	Major	Major
chr12	HG00558	Major	Major
chr12	HG00621	Major	Major
chr12	HG00639	Major	Outlier_5
chr12	HG00642	Outlier_3	Outlier_3
chr12	HG00673	Major	Outlier_4
chr12	HG00706	Outlier_5	Major
chr12	HG00733	Major	Outlier_5
chr12	HG00735	Major	Outlier_5
chr12	HG00741	Outlier_5	Major
chr12	HG01071	Major	Major
chr12	HG01081	Outlier_3	Outlier_3
chr12	HG01106	Outlier_3	Outlier_3
chr12	HG01109	Outlier_3	Outlier_5
chr12	HG01150	Outlier_5	Outlier_4
chr12	HG01167	Outlier_3	Major
chr12	HG01192	Outlier_3	Major
chr12	HG01258	Major	Outlier_3
chr12	HG01261	Outlier_3	Outlier_3
chr12	HG01346	Outlier_5	Outlier_5
chr12	HG01496	Major	Major
chr12	HG01530	Outlier_3	Outlier_3
chr12	HG01784	Outlier_5	Outlier_3
chr12	HG01786	Outlier_3	Major
chr12	HG01884	Major	Outlier_3
chr12	HG01891	Outlier_3	Outlier_5
chr12	HG01928	Major	Major
chr12	HG01934	Major	Outlier_5
chr12	HG01940	Outlier_3	Outlier_3
chr12	HG01943	Major	Major
chr12	HG01952	Major	Major
chr12	HG01960	Outlier_3	Major
chr12	HG01969	Outlier_3	Major
chr12	HG01975	Major	Outlier_3
chr12	HG01981	Major	Major
chr12	HG01993	Outlier_3	Outlier_5
chr12	HG02004	Outlier_3	Outlier_2
chr12	HG02015	Outlier_3	Major
chr12	HG02027	Outlier_5	Major
chr12	HG02055	Outlier_3	Outlier_5
chr12	HG02074	Major	Major
chr12	HG02080	Major	Major
chr12	HG02083	Outlier_5	Major
chr12	HG02109	Major	Major
chr12	HG02135	Outlier_5	Major
chr12	HG02145	Outlier_5	Outlier_5
chr12	HG02148	Major	Outlier_5
chr12	HG02165	Major	Outlier_3
chr12	HG02178	Major	Major
chr12	HG02257	Major	Outlier_3
chr12	HG02258	Outlier_3	Major
chr12	HG02273	Outlier_5	Major
chr12	HG02293	Major	Major
chr12	HG02300	Outlier_3	Outlier_3
chr12	HG02391	Major	Outlier_3
chr12	HG02451	Outlier_5	Major
chr12	HG02486	Major	Outlier_3
chr12	HG02523	Major	Major
chr12	HG02559	Outlier_3	Outlier_3
chr12	HG02572	Major	Outlier_3
chr12	HG02602	Major	Outlier_5
chr12	HG02615	Major	Outlier_5
chr12	HG02622	Outlier_5	Outlier_3
chr12	HG02630	Major	Outlier_3
chr12	HG02647	Outlier_3	Outlier_3
chr12	HG02668	Outlier_5	Major
chr12	HG02698	Outlier_5	Outlier_3
chr12	HG02717	Outlier_3	Outlier_3
chr12	HG02723	Major	Major
chr12	HG02735	Outlier_5	Outlier_5
chr12	HG02809	Outlier_5	Major
chr12	HG02841	Outlier_3	Outlier_3
chr12	HG02922	Outlier_5	Outlier_3
chr12	HG02965	Outlier_3	Outlier_3
chr12	HG02984	Outlier_6	Outlier_5
chr12	HG03017	Outlier_3	Outlier_3
chr12	HG03041	Outlier_5	Major
chr12	HG03098	Major	Major
chr12	HG03130	Major	Major
chr12	HG03195	Outlier_3	Outlier_3
chr12	HG03209	Outlier_3	Outlier_5
chr12	HG03225	Outlier_5	Outlier_3
chr12	HG03239	Outlier_5	Outlier_3
chr12	HG03270	Outlier_3	Outlier_4
chr12	HG03369	Outlier_3	Major
chr12	HG03453	Major	Major
chr12	HG03470	Outlier_5	Outlier_3
chr12	HG03486	Outlier_5	Outlier_3
chr12	HG03516	Outlier_5	Outlier_5
chr12	HG03521	Outlier_3	Major
chr12	HG03540	Major	Outlier_3
chr12	HG03579	Major	Outlier_3
chr12	HG03669	Major	Outlier_3
chr12	HG03688	Outlier_3	Major
chr12	HG03704	Outlier_5	Outlier_5
chr12	HG03710	Outlier_3	Outlier_3
chr12	HG03742	Outlier_5	Outlier_3
chr12	HG03784	Major	Outlier_5
chr12	HG03804	Major	Outlier_5
chr12	HG03816	Outlier_1	Major
chr12	HG03834	Major	Outlier_5
chr12	HG03927	Outlier_3	Outlier_3
chr12	HG03942	Major	Major
chr12	HG04115	Major	Outlier_5
chr12	HG04157	Outlier_5	Major
chr12	HG04184	Major	Major
chr12	HG04187	Outlier_5	Outlier_5
chr12	HG04228	Outlier_3	Outlier_5
chr12	HG06807	Major	Outlier_3
chr12	NA18505	Outlier_3	Major
chr12	NA18522	Outlier_3	Outlier_5
chr12	NA18565	Outlier_4	Major
chr12	NA18570	Major	Outlier_5
chr12	NA18620	Major	Outlier_5
chr12	NA18747	Outlier_5	Outlier_4
chr12	NA18879	Outlier_3	Outlier_3
chr12	NA18906	Major	Major
chr12	NA18948	Major	Outlier_3
chr12	NA18952	Major	Major
chr12	NA18960	Major	Major
chr12	NA18967	Major	Major
chr12	NA18971	Major	Major
chr12	NA18974	Major	Outlier_3
chr12	NA18976	Major	Outlier_3
chr12	NA18982	Major	Major
chr12	NA18983	Major	Major
chr12	NA19036	Major	Outlier_3
chr12	NA19043	Major	Outlier_3
chr12	NA19159	Outlier_3	Outlier_3
chr12	NA19185	Major	Outlier_5
chr12	NA19338	Outlier_3	Major
chr12	NA19443	Major	Outlier_3
chr12	NA19468	Outlier_3	Outlier_5
chr12	NA19682	Outlier_5	Outlier_5
chr12	NA20346	Outlier_5	Outlier_3
chr12	NA20503	Outlier_3	Outlier_3
chr12	NA20752	Outlier_3	Outlier_3
chr12	NA20762	Outlier_3	Outlier_3
chr12	NA20799	Outlier_5	Outlier_3
chr12	NA20805	Outlier_3	Major
chr12	NA20806	Outlier_3	Outlier_3
chr12	NA20809	Outlier_3	Outlier_3
chr12	NA20827	Outlier_5	Outlier_3
chr12	NA20850	Major	Outlier_3
chr12	NA20905	Outlier_3	Outlier_4
chr12	NA21093	Outlier_3	Major
chr12	NA21102	Outlier_5	Outlier_3
chr12	NA21106	Outlier_5	Outlier_3
chr12	NA21110	Outlier_3	Major
chr12	NA21144	Major	Major
